{
  "name": "angular-route",
  "version": "1.2.30",
  "license": "MIT",
  "main": "./angular-route.js",
  "ignore": [],
  "dependencies": {
    "angular": "1.2.30"
  },
  "homepage": "https://github.com/angular/bower-angular-route",
  "_release": "1.2.30",
  "_resolution": {
    "type": "version",
    "tag": "v1.2.30",
    "commit": "0e6923c8ab04999b9e15c1891bb64aa9be18061b"
  },
  "_source": "https://github.com/angular/bower-angular-route.git",
  "_target": "~1.2",
  "_originalSource": "angular-route"
}